dependent_var,residuals_std
ave_PANAS_P,0.8203670309922241
ave_PANAS_N,0.7030584679434237
ave_competence,0.5919745712948927
ave_warmth,0.4463610137094634
ave_willingness,0.8476744776835878
ave_understanding,0.5523213563485432
