dependent_var,residuals_std
ave_PANAS_P,0.8309908944553939
ave_PANAS_N,0.8401998301294917
ave_competence,0.742155717638663
ave_warmth,0.5443506135951307
ave_willingness,0.9726882374534662
ave_understanding,0.7313459089145472
