dependent_var,residuals_std
ave_PANAS_P,0.8512125699389368
ave_PANAS_N,0.7747526882667677
ave_competence,0.6976170519474221
ave_warmth,0.49046563593844034
ave_willingness,0.9606784274156527
ave_understanding,0.6997118021292563
