column,t_stat,p_value,equal_var_assumed
ave_PANAS_P,-0.857564432696715,0.3933859557116608,True
ave_PANAS_N,-0.1560950456416438,0.8763038649814863,True
ave_competence,1.558028711447299,0.12269760704571224,True
ave_warmth,-0.6552444766682393,0.5139633867377739,True
ave_willingness,1.5325485029102777,0.12885644227246132,True
ave_understanding,0.7464133112288706,0.4573417938802784,True
