column,t_stat,p_value,equal_var_assumed
ave_cos_diary_Human,-3.61644722338151,0.0004898328584072901,True
stan_topic_count,-0.6006829574776454,0.5495443528240551,True
